id	mime	url	title
19	image/png	https://schmoll-asia.com/wp-content/uploads/2024/05/map_bg.png	map_bg.png
23	image/png	https://schmoll-asia.com/wp-content/uploads/2024/05/background_img.png	background_img.png
47	image/png	https://schmoll-asia.com/wp-content/uploads/2024/05/placeholder.png	placeholder.png
48	image/png	https://schmoll-asia.com/wp-content/uploads/2024/05/placeholder-1.png	placeholder.png
49	image/png	https://schmoll-asia.com/wp-content/uploads/2024/05/placeholder-2.png	placeholder.png
50	image/png	https://schmoll-asia.com/wp-content/uploads/2024/05/placeholder-3.png	placeholder.png
57	image/png	https://schmoll-asia.com/wp-content/uploads/2024/05/logo_kanawa.png	logo_kanawa.png
62	image/png	https://schmoll-asia.com/wp-content/uploads/2024/05/placeholder-4.png	placeholder.png
63	image/png	https://schmoll-asia.com/wp-content/uploads/2024/05/placeholder-5.png	placeholder.png
64	image/png	https://schmoll-asia.com/wp-content/uploads/2024/05/placeholder-6.png	placeholder.png
65	image/png	https://schmoll-asia.com/wp-content/uploads/2024/05/placeholder-7.png	placeholder.png
215	image/png	https://schmoll-asia.com/wp-content/uploads/2024/05/Untitled-design-4.png	Untitled design-4
216	image/jpeg	https://schmoll-asia.com/wp-content/uploads/2024/05/Untitled-design-4.jpg	Untitled design-4
217	image/png	https://schmoll-asia.com/wp-content/uploads/2024/05/Untitled-design-6.png	Untitled design-6
221	image/png	https://schmoll-asia.com/wp-content/uploads/2024/05/schmoll.png	schmoll
225	image/jpeg	https://schmoll-asia.com/wp-content/uploads/2024/05/1.jpg	1
226	image/jpeg	https://schmoll-asia.com/wp-content/uploads/2024/05/Screenshot-2024-05-20-at-12.22.37.jpg	Screenshot 2024-05-20 at 12.22.37
227	image/jpeg	https://schmoll-asia.com/wp-content/uploads/2024/05/Screenshot-2024-05-20-at-12.23.21.jpg	Screenshot 2024-05-20 at 12.23.21
228	image/jpeg	https://schmoll-asia.com/wp-content/uploads/2024/05/Screenshot-2024-05-20-at-12.24.42.jpg	Screenshot 2024-05-20 at 12.24.42
229	image/jpeg	https://schmoll-asia.com/wp-content/uploads/2024/05/Screenshot-2024-05-20-at-12.25.16.jpg	Screenshot 2024-05-20 at 12.25.16
230	image/jpeg	https://schmoll-asia.com/wp-content/uploads/2024/05/Screenshot-2024-05-20-at-12.24.19.jpg	Screenshot 2024-05-20 at 12.24.19
231	image/jpeg	https://schmoll-asia.com/wp-content/uploads/2024/05/Screenshot-2024-05-20-at-12.24.00.jpg	Screenshot 2024-05-20 at 12.24.00
232	image/jpeg	https://schmoll-asia.com/wp-content/uploads/2024/05/Screenshot-2024-05-20-at-12.26.48.jpg	Screenshot 2024-05-20 at 12.26.48
233	image/jpeg	https://schmoll-asia.com/wp-content/uploads/2024/05/Screenshot-2024-05-20-at-12.26.24.jpg	Screenshot 2024-05-20 at 12.26.24
234	image/jpeg	https://schmoll-asia.com/wp-content/uploads/2024/05/Screenshot-2024-05-20-at-12.27.08-scaled.jpg	Screenshot 2024-05-20 at 12.27.08
269	image/jpeg	https://schmoll-asia.com/wp-content/uploads/2024/05/WhatsApp-Image-2024-05-20-at-14.31.50.jpeg	WhatsApp Image 2024-05-20 at 14.31.50
270	image/png	https://schmoll-asia.com/wp-content/uploads/2024/05/schmoll-2-e1716187134865.png	schmoll-2
274	image/png	https://schmoll-asia.com/wp-content/uploads/2024/05/schmoll-3.png	schmoll-3
315	image/jpeg	https://schmoll-asia.com/wp-content/uploads/2024/05/IMG_2385-scaled.jpeg	IMG_2385
326	image/png	https://schmoll-asia.com/wp-content/uploads/2024/05/schmoll-4.png	schmoll-4
328	image/png	https://schmoll-asia.com/wp-content/uploads/2024/05/schmoll-6-e1716279857700.png	schmoll-6
396	image/png	https://schmoll-asia.com/wp-content/uploads/2024/05/Schmoll-9.png	Schmoll-9
404	video/mp4	https://schmoll-asia.com/wp-content/uploads/2024/05/0521.mp4	0521
408	image/jpeg	https://schmoll-asia.com/wp-content/uploads/2024/05/0521-Cover.jpg	0521-Cover
440	image/jpeg	https://schmoll-asia.com/wp-content/uploads/2024/05/a4-double-sided-brochure-eagle-front-final-scaled.jpg	A4 double-sided brochure-FALCON-front-v2
457	image/jpeg	https://schmoll-asia.com/wp-content/uploads/2024/05/IMG_3991-scaled.jpg	IMG_3991
535	image/jpeg	https://schmoll-asia.com/wp-content/uploads/2024/05/call_to_action21.jpg	call_to_action21.jpg
536	image/jpeg	https://schmoll-asia.com/wp-content/uploads/2024/05/WhatsApp-Image-2024-05-23-at-16.33.49-e1716453413478.jpeg	WhatsApp Image 2024-05-23 at 16.33.49
541	image/jpeg	https://schmoll-asia.com/wp-content/uploads/2024/05/WechatIMG44.jpg	WechatIMG44
542	image/jpeg	https://schmoll-asia.com/wp-content/uploads/2024/05/WechatIMG44-1.jpg	WechatIMG44
543	image/png	https://schmoll-asia.com/wp-content/uploads/2024/05/Untitled-design-24.png	Untitled design-24
563	image/jpeg	https://schmoll-asia.com/wp-content/uploads/2024/05/Untitled-design-25.jpg	Untitled design-25
668	image/jpeg	https://schmoll-asia.com/wp-content/uploads/2024/05/661f4fd069bc953b5c721611_czM6Ly9tZWRpYS1wcml2YXRlLmNhbnZhLmNvbS94VTlvWS9NQUdDTHV4VTlvWS8xL3AucG5n.jpg	661f4fd069bc953b5c721611_czM6Ly9tZWRpYS1wcml2YXRlLmNhbnZhLmNvbS94VTlvWS9NQUdDTHV4VTlvWS8xL3AucG5n
691	image/jpeg	https://schmoll-asia.com/wp-content/uploads/2024/05/Screenshot-2024-05-24-at-13.05.23.jpg	Screenshot 2024-05-24 at 13.05.23
695	image/jpeg	https://schmoll-asia.com/wp-content/uploads/2024/05/661f557890fb1167708881f8_czM6Ly9tZWRpYS1wcml2YXRlLmNhbnZhLmNvbS9MR1dOdy9NQUdDTHBMR1dOdy8xL3AucG5n.jpg	661f557890fb1167708881f8_czM6Ly9tZWRpYS1wcml2YXRlLmNhbnZhLmNvbS9MR1dOdy9NQUdDTHBMR1dOdy8xL3AucG5n
696	image/jpeg	https://schmoll-asia.com/wp-content/uploads/2024/05/Screenshot-2024-05-24-at-14.27.29.jpg	Screenshot 2024-05-24 at 14.27.29
701	image/jpeg	https://schmoll-asia.com/wp-content/uploads/2024/05/661f5bb336ac0699cea5f4ee_czM6Ly9tZWRpYS1wcml2YXRlLmNhbnZhLmNvbS8tRC0zNC9NQUdDY2QtRC0zNC8xL3AucG5n.jpg	661f5bb336ac0699cea5f4ee_czM6Ly9tZWRpYS1wcml2YXRlLmNhbnZhLmNvbS8tRC0zNC9NQUdDY2QtRC0zNC8xL3AucG5n
702	image/jpeg	https://schmoll-asia.com/wp-content/uploads/2024/05/Screenshot-2024-05-24-at-14.53.21-e1716533678847.jpg	Screenshot 2024-05-24 at 14.53.21
703	image/jpeg	https://schmoll-asia.com/wp-content/uploads/2024/05/661f56be8c269132834fb8b4_czM6Ly9tZWRpYS1wcml2YXRlLmNhbnZhLmNvbS83ekN0NC9NQUdDY2I3ekN0NC8xL3AuanBn.jpeg	661f56be8c269132834fb8b4_czM6Ly9tZWRpYS1wcml2YXRlLmNhbnZhLmNvbS83ekN0NC9NQUdDY2I3ekN0NC8xL3AuanBn
707	image/jpeg	https://schmoll-asia.com/wp-content/uploads/2024/05/Screenshot-2024-05-24-at-15.01.47.jpg	Screenshot 2024-05-24 at 15.01.47
708	image/jpeg	https://schmoll-asia.com/wp-content/uploads/2024/05/Screenshot-2024-05-24-at-15.07.38.jpg	Screenshot 2024-05-24 at 15.07.38
709	image/png	https://schmoll-asia.com/wp-content/uploads/2024/05/Screenshot_2024-05-24_at_15.07.38-removebg-preview.png	Screenshot_2024-05-24_at_15.07.38-removebg-preview
713	image/jpeg	https://schmoll-asia.com/wp-content/uploads/2024/05/Screenshot-2024-05-24-at-15.17.03.jpg	Screenshot 2024-05-24 at 15.17.03
714	image/png	https://schmoll-asia.com/wp-content/uploads/2024/05/Screenshot_2024-05-24_at_15.17.03-removebg-preview.png	Screenshot_2024-05-24_at_15.17.03-removebg-preview
719	image/jpeg	https://schmoll-asia.com/wp-content/uploads/2024/05/Screenshot-2024-05-24-at-15.16.37.jpg	Screenshot 2024-05-24 at 15.16.37
721	image/jpeg	https://schmoll-asia.com/wp-content/uploads/2024/05/Screenshot-2024-05-24-at-15.18.07.jpg	Screenshot 2024-05-24 at 15.18.07
722	image/png	https://schmoll-asia.com/wp-content/uploads/2024/05/Screenshot_2024-05-24_at_15.18.07-removebg-preview.png	Screenshot_2024-05-24_at_15.18.07-removebg-preview
726	image/jpeg	https://schmoll-asia.com/wp-content/uploads/2024/05/Screenshot-2024-05-24-at-15.18.21.jpg	Screenshot 2024-05-24 at 15.18.21
745	image/jpeg	https://schmoll-asia.com/wp-content/uploads/2024/05/IMG_4494-scaled.jpg	IMG_4494
746	image/jpeg	https://schmoll-asia.com/wp-content/uploads/2024/05/Untitled-design-26.jpg	Untitled design-26
747	image/jpeg	https://schmoll-asia.com/wp-content/uploads/2024/05/IMG_4495.jpg	IMG_4495
772	image/jpeg	https://schmoll-asia.com/wp-content/uploads/2024/05/WechatIMG3-e1717640816799.jpg	WechatIMG3
853	image/jpeg	https://schmoll-asia.com/wp-content/uploads/2024/05/WechatIMG18-e1716866707393.jpg	WechatIMG18
854	image/jpeg	https://schmoll-asia.com/wp-content/uploads/2024/05/WechatIMG2-e1717635206294.jpg	WechatIMG2
861	image/jpeg	https://schmoll-asia.com/wp-content/uploads/2024/05/2G4A6155-scaled.jpg	2G4A6155
904	image/jpeg	https://schmoll-asia.com/wp-content/uploads/2024/05/IMG_3678-scaled.jpeg	IMG_3678
906	image/jpeg	https://schmoll-asia.com/wp-content/uploads/2024/05/Untitled-design-25-1-e1716866019218.jpg	Untitled design-25
978	image/png	https://schmoll-asia.com/wp-content/uploads/2024/05/placeholder-174.png	placeholder-174.png
979	image/png	https://schmoll-asia.com/wp-content/uploads/2024/05/placeholder-175.png	placeholder-175.png
996	image/jpeg	https://schmoll-asia.com/wp-content/uploads/2024/05/IMG_3630-scaled.jpg	IMG_3630
1000	image/jpeg	https://schmoll-asia.com/wp-content/uploads/2024/05/IMG_3630-1-scaled.jpg	IMG_3630
1001	image/jpeg	https://schmoll-asia.com/wp-content/uploads/2024/05/Untitled-design-31.jpg	Untitled design-31
1026	image/png	https://schmoll-asia.com/wp-content/uploads/2024/05/Untitled-design-32-e1716876428283.png	Untitled design-32
1056	image/jpeg	https://schmoll-asia.com/wp-content/uploads/2024/05/joachim-joe-ruff.1024x1024.jpg	joachim-(joe)-ruff.1024&#215;1024
1057	image/png	https://schmoll-asia.com/wp-content/uploads/2024/05/Untitled-design-33-e1716883275334.png	Untitled design-33
1067	image/jpeg	https://schmoll-asia.com/wp-content/uploads/2024/05/dsc04147-scaled.jpg	dsc04147
1074	image/jpeg	https://schmoll-asia.com/wp-content/uploads/2024/05/Untitled-design-34.jpg	Untitled design-34
1150	image/jpeg	https://schmoll-asia.com/wp-content/uploads/2024/05/dsc04307-scaled.jpg	dsc04307
1328	application/pdf	https://schmoll-asia.com/wp-content/uploads/2024/06/A4-double-sided-brochure-FALCON-front-final-website.pdf	A4 double-sided brochure-FALCON-front-(final)-website
1335	application/zip	https://schmoll-asia.com/wp-content/uploads/2024/06/A4-double-sided-brochure-FALCON-front-final-website.pdf.zip	FALCON-BROCHURE-SAP.pdf
1372	application/zip	https://schmoll-asia.com/wp-content/uploads/2024/06/A4-double-sided-brochure-FALCON-front-final-website.pdf-1.zip	A4 double-sided brochure-FALCON-front-(final)-website.pdf
1380	application/zip	https://schmoll-asia.com/wp-content/uploads/2024/06/Andre_RMXY-series_Bro-Ma_EC_4-2021_MA_WF_frontfinal.pdf.zip	RAPTOR_BROCHURE.pdf
1384	application/zip	https://schmoll-asia.com/wp-content/uploads/2024/06/Andre_RMXY-series_Bro-Ma_EC_4-2021_MA_WF_frontfinal.pdf-1.zip	Andre_RMXY-series_Bro-Ma_EC_4-2021_MA_WF_front(final).pdf
1385	application/zip	https://schmoll-asia.com/wp-content/uploads/2024/06/A4-double-sided-brochure-HAWK-front.pdf.zip	A4 double-sided brochure-HAWK-front.pdf
1390	application/zip	https://schmoll-asia.com/wp-content/uploads/2024/06/A4-double-sided-brochure-EAGLE-front_FINAL.pdf.zip	A4 double-sided brochure-EAGLE-front_FINAL.pdf
1397	application/zip	https://schmoll-asia.com/wp-content/uploads/2024/06/A4-double-sided-brochure-XRA3-front.pdf.zip	A4 double-sided brochure-XRA3-front.pdf
1399	application/zip	https://schmoll-asia.com/wp-content/uploads/2024/06/A4-double-sided-brochure-MDI-Beam-front-ENfinal.pdf.zip	A4 double-sided brochure-MDI-Beam-front-EN(final).pdf
1404	application/pdf	https://schmoll-asia.com/wp-content/uploads/2024/06/A4-double-sided-brochure-CombiDrill-frontfinal.pdf	A4 double-sided brochure-CombiDrill-front(final)
1405	application/zip	https://schmoll-asia.com/wp-content/uploads/2024/06/A4-double-sided-brochure-CombiDrill-frontfinal.pdf.zip	A4 double-sided brochure-CombiDrill-front(final).pdf
1406	application/zip	https://schmoll-asia.com/wp-content/uploads/2024/06/A4-double-sided-brochure-PROBE-CARD-frontfinal.pdf.zip	A4 double-sided brochure-PROBE CARD-front(final).pdf
1407	application/zip	https://schmoll-asia.com/wp-content/uploads/2024/06/A4-double-sided-brochure-DRILLROOM-AUTOMATION-frontfinal.pdf.zip	A4 double-sided brochure-DRILLROOM AUTOMATION-front(final).pdf
1475	image/jpeg	https://schmoll-asia.com/wp-content/uploads/2024/06/IMG_4741-scaled.jpg	IMG_4741
1476	image/jpeg	https://schmoll-asia.com/wp-content/uploads/2024/06/Untitled-design-44.jpg	Untitled design-44
1486	image/jpeg	https://schmoll-asia.com/wp-content/uploads/2024/06/Untitled-design-45.jpg	Untitled design-45
1513	image/png	https://schmoll-asia.com/wp-content/uploads/2024/06/placeholder-295.png	placeholder-295.png
1693	image/jpeg	https://schmoll-asia.com/wp-content/uploads/2024/06/1636996863387.jpeg	1636996863387
1694	image/jpeg	https://schmoll-asia.com/wp-content/uploads/2024/06/WhatsApp-Image-2024-05-22-at-18.27.24.jpeg	WhatsApp Image 2024-05-22 at 18.27.24
1695	image/jpeg	https://schmoll-asia.com/wp-content/uploads/2024/06/IMG_3678-scaled.jpg	IMG_3678
1696	image/jpeg	https://schmoll-asia.com/wp-content/uploads/2024/06/Untitled-design-46.jpg	Untitled design-46
1707	image/jpeg	https://schmoll-asia.com/wp-content/uploads/2024/06/IMG_2821-2.jpg	IMG_2821 2
1800	image/jpeg	https://schmoll-asia.com/wp-content/uploads/2024/06/IMG_3678-1-scaled.jpg	IMG_3678
1801	image/png	https://schmoll-asia.com/wp-content/uploads/2024/06/Untitled-design-51.png	Untitled design-51
1891	image/jpeg	https://schmoll-asia.com/wp-content/uploads/2024/06/Untitled-design-64-e1717571391915.jpg	Untitled design-64
1902	image/png	https://schmoll-asia.com/wp-content/uploads/2024/06/Untitled-design-66-e1717572979441.png	Untitled design-66
1941	image/jpeg	https://schmoll-asia.com/wp-content/uploads/2024/06/IMG_5174-scaled.jpg	IMG_5174
1952	image/jpeg	https://schmoll-asia.com/wp-content/uploads/2024/06/Untitled-design-7.jpg	Untitled design-7
2134	image/jpeg	https://schmoll-asia.com/wp-content/uploads/2024/06/IMG_3980-scaled.jpg	IMG_3980
2135	image/jpeg	https://schmoll-asia.com/wp-content/uploads/2024/06/IMG_4032-scaled.jpg	IMG_4032
2139	image/jpeg	https://schmoll-asia.com/wp-content/uploads/2024/06/IMG_4040.jpg	IMG_4040
2156	image/jpeg	https://schmoll-asia.com/wp-content/uploads/2024/06/IMG_5136-scaled.jpg	IMG_5136
2158	image/jpeg	https://schmoll-asia.com/wp-content/uploads/2024/06/Untitled-design-70-e1717724116633.jpg	Untitled design-70
2174	image/jpeg	https://schmoll-asia.com/wp-content/uploads/elementor/screenshots/Elementor-post-screenshot_1032_2024-06-11-05-35-49_2ac38ae.jpg	Elementor-post-screenshot_1032_2024-06-11-05-35-49_2ac38ae.png
2175	image/jpeg	https://schmoll-asia.com/wp-content/uploads/elementor/screenshots/Elementor-post-screenshot_1034_2024-06-11-05-36-00_7e150399.jpg	Elementor-post-screenshot_1034_2024-06-11-05-36-00_7e150399.png
2176	image/jpeg	https://schmoll-asia.com/wp-content/uploads/elementor/screenshots/Elementor-post-screenshot_1036_2024-06-11-05-36-11_5097b0d6.jpg	Elementor-post-screenshot_1036_2024-06-11-05-36-11_5097b0d6.png
2196	image/jpeg	https://schmoll-asia.com/wp-content/uploads/2024/06/A4-double-sided-brochure-HAWK-frontfinal-scaled.jpg	A4 double-sided brochure-HAWK-front(final)
2200	image/jpeg	https://schmoll-asia.com/wp-content/uploads/2024/06/A4-double-sided-brochure-HAWK-backfinal-scaled.jpg	A4 double-sided brochure-HAWK-back(final)
2207	image/jpeg	https://schmoll-asia.com/wp-content/uploads/2024/06/A4-double-sided-brochure-EAGLE-XY-frontfinal-scaled-e1719206623167.jpg	A4 double-sided brochure-EAGLE XY-front(final)
2208	image/jpeg	https://schmoll-asia.com/wp-content/uploads/2024/06/A4-double-sided-brochure-EAGLE-XY-backfinal-scaled.jpg	A4 double-sided brochure-EAGLE XY-back(final)
2213	image/jpeg	https://schmoll-asia.com/wp-content/uploads/2024/06/A4-double-sided-brochure-FALCON-front-final.jpg	A4 double-sided brochure-FALCON-front-(final)
2214	image/jpeg	https://schmoll-asia.com/wp-content/uploads/2024/06/A4-double-sided-brochure-FALCON-back-v2-final-2-scaled.jpg	A4 double-sided brochure-FALCON-back-v2-(final)-2
2216	image/jpeg	https://schmoll-asia.com/wp-content/uploads/2024/06/A4-double-sided-brochure-FALCON-front-final-1.jpg	A4 double-sided brochure-FALCON-front-(final)
2217	image/jpeg	https://schmoll-asia.com/wp-content/uploads/2024/06/A4-double-sided-brochure-FALCON-back-v2-final-2-1-scaled.jpg	A4 double-sided brochure-FALCON-back-v2-(final)-2
2218	image/jpeg	https://schmoll-asia.com/wp-content/uploads/2024/06/A4-double-sided-brochure-FALCON-front-final-2.jpg	A4 double-sided brochure-FALCON-front-(final)
2247	image/jpeg	https://schmoll-asia.com/wp-content/uploads/2024/06/Screenshot-2024-06-18-at-09.16.33.jpg	Screenshot 2024-06-18 at 09.16.33
2251	image/jpeg	https://schmoll-asia.com/wp-content/uploads/2024/06/Screenshot-2024-06-18-at-09.30.27.jpg	Screenshot 2024-06-18 at 09.30.27
2255	image/jpeg	https://schmoll-asia.com/wp-content/uploads/2024/06/Andre_RMXY-series_Bro-Ma_EC_4-2021_MA_WF_frontfinal.jpg	Andre_RMXY-series_Bro-Ma_EC_4-2021_MA_WF_front(final)
2256	image/jpeg	https://schmoll-asia.com/wp-content/uploads/2024/06/Andre_RMXY-series_Bro-Ma_EC_4-2021_MA_WF_backfinal-scaled.jpg	Andre_RMXY-series_Bro-Ma_EC_4-2021_MA_WF_back(final)
2258	image/jpeg	https://schmoll-asia.com/wp-content/uploads/2024/06/Andre_RMXY-series_Bro-Ma_EC_4-2021_MA_WF_frontfinal-1.jpg	Andre_RMXY-series_Bro-Ma_EC_4-2021_MA_WF_front(final)
2259	image/png	https://schmoll-asia.com/wp-content/uploads/2024/06/Screenshot-2024-06-18-at-09.57.44.png	Screenshot 2024-06-18 at 09.57.44
2260	image/jpeg	https://schmoll-asia.com/wp-content/uploads/2024/06/Screenshot-2024-06-18-at-09.59.35.jpg	Screenshot 2024-06-18 at 09.59.35
2264	image/jpeg	https://schmoll-asia.com/wp-content/uploads/2024/06/A4-double-sided-brochure-XRA3-frontfinal-scaled.jpg	A4 double-sided brochure-XRA3-front(final)
2266	image/jpeg	https://schmoll-asia.com/wp-content/uploads/2024/06/Screenshot-2024-06-18-at-10.07.04.jpg	Screenshot 2024-06-18 at 10.07.04
2267	image/jpeg	https://schmoll-asia.com/wp-content/uploads/2024/06/Screenshot-2024-06-18-at-10.08.55.jpg	Screenshot 2024-06-18 at 10.08.55
2271	image/jpeg	https://schmoll-asia.com/wp-content/uploads/2024/06/Screenshot-2024-06-18-at-10.12.37.jpg	Screenshot 2024-06-18 at 10.12.37
2272	image/jpeg	https://schmoll-asia.com/wp-content/uploads/2024/06/Screenshot-2024-06-18-at-10.12.37-1.jpg	Screenshot 2024-06-18 at 10.12.37
2273	image/jpeg	https://schmoll-asia.com/wp-content/uploads/2024/06/Screenshot-2024-06-18-at-10.12.00.jpg	Screenshot 2024-06-18 at 10.12.00
2280	image/jpeg	https://schmoll-asia.com/wp-content/uploads/2024/06/Screenshot-2024-06-18-at-10.23.59.jpg	Screenshot 2024-06-18 at 10.23.59
2281	image/jpeg	https://schmoll-asia.com/wp-content/uploads/2024/06/Screenshot-2024-06-18-at-10.25.22.jpg	Screenshot 2024-06-18 at 10.25.22
2282	image/jpeg	https://schmoll-asia.com/wp-content/uploads/2024/06/Screenshot-2024-06-18-at-10.37.31.jpg	Screenshot 2024-06-18 at 10.37.31
2284	image/jpeg	https://schmoll-asia.com/wp-content/uploads/2024/06/Screenshot-2024-06-18-at-10.39.47.jpg	Screenshot 2024-06-18 at 10.39.47
2285	image/jpeg	https://schmoll-asia.com/wp-content/uploads/2024/06/Screenshot-2024-06-18-at-10.50.44.jpg	Screenshot 2024-06-18 at 10.50.44
2289	image/jpeg	https://schmoll-asia.com/wp-content/uploads/2024/06/Screenshot-2024-06-18-at-11.31.22.jpg	Screenshot 2024-06-18 at 11.31.22
2290	image/jpeg	https://schmoll-asia.com/wp-content/uploads/2024/06/Screenshot-2024-06-18-at-11.31.47.jpg	Screenshot 2024-06-18 at 11.31.47
2300	image/jpeg	https://schmoll-asia.com/wp-content/uploads/2024/06/IMG_2889-e1718683256200.jpg	IMG_2889
2311	image/jpeg	https://schmoll-asia.com/wp-content/uploads/2024/06/Weixin-Image_20240606133921-scaled.jpg	Weixin Image_20240606133921
2313	image/jpeg	https://schmoll-asia.com/wp-content/uploads/2024/06/Screenshot-2024-06-18-at-15.30.38-e1718698713452.jpg	Screenshot 2024-06-18 at 15.30.38
2314	image/jpeg	https://schmoll-asia.com/wp-content/uploads/2024/06/WechatIMG18-scaled.jpg	WechatIMG18
2315	image/jpeg	https://schmoll-asia.com/wp-content/uploads/2024/06/Screenshot-2024-06-18-at-15.51.50.jpg	Screenshot 2024-06-18 at 15.51.50
2394	image/webp	https://schmoll-asia.com/wp-content/uploads/2024/06/DeepPCB_00312.jpg-e1718700979955.webp	DeepPCB_00312.jpg
2395	image/webp	https://schmoll-asia.com/wp-content/uploads/2024/06/DALL·E-2024-06-18-16.57.01-A-highly-detailed-and-aesthetically-pleasing-AI-chip-on-a-printed-circuit-board-glowing-with-vibrant-colorful-lights.-The-AI-chip-is-at-the-center-.webp	DALL·E 2024-06-18 16.57.01 &#8211; A highly detailed and aesthetically pleasing AI chip on a printed circuit board, glowing with vibrant, colorful lights. The AI chip is at the center,
2404	image/jpeg	https://schmoll-asia.com/wp-content/uploads/2024/06/Screenshot-2024-06-18-at-17.07.49.jpg	Screenshot 2024-06-18 at 17.07.49
2479	image/png	https://schmoll-asia.com/wp-content/uploads/2024/06/schmoll-11-e1718777508830.png	schmoll-11
2556	image/jpeg	https://schmoll-asia.com/wp-content/uploads/2024/06/Jun-6-Doc-5.jpg	Jun 6, Doc 5
2569	image/png	https://schmoll-asia.com/wp-content/uploads/2024/06/Untitled-design-60-1-e1718861788614.png	Untitled design-60
2579	image/jpeg	https://schmoll-asia.com/wp-content/uploads/2024/06/IMG_4492-scaled.jpg	IMG_4492
2580	image/png	https://schmoll-asia.com/wp-content/uploads/2024/06/Untitled-design-73-e1718863585981.png	Untitled design-73
2612	application/pdf	https://schmoll-asia.com/wp-content/uploads/2024/06/EN_Automation_Brochure_FRONTBACK.pdf	EN_Automation_Brochure_FRONTBACK
2613	application/pdf	https://schmoll-asia.com/wp-content/uploads/2024/06/EN_ProbeCard_Brochure_FRONTBACK.pdf	EN_ProbeCard_Brochure_FRONTBACK
2614	application/pdf	https://schmoll-asia.com/wp-content/uploads/2024/06/EN_CombiDrill_Brochure_FRONTBACK.pdf	EN_CombiDrill_Brochure_FRONTBACK
2615	application/pdf	https://schmoll-asia.com/wp-content/uploads/2024/06/EN_XRA3_Brochure_FRONTBACK.pdf	EN_XRA3_Brochure_FRONTBACK
2616	application/pdf	https://schmoll-asia.com/wp-content/uploads/2024/06/EN_MDI_Brochure_FRONTBACK.pdf	EN_MDI_Brochure_FRONTBACK
2617	application/pdf	https://schmoll-asia.com/wp-content/uploads/2024/06/EN_RMXY_Brochure_FRONTBACK.pdf	EN_RMXY_Brochure_FRONTBACK
2618	application/pdf	https://schmoll-asia.com/wp-content/uploads/2024/06/EN_Falcon_Brochure_FRONTBACK.pdf	EN_Falcon_Brochure_FRONTBACK
2619	application/pdf	https://schmoll-asia.com/wp-content/uploads/2024/06/EN_Eagle_Brochure_FRONTBACK.pdf	EN_Eagle_Brochure_FRONTBACK
2620	application/pdf	https://schmoll-asia.com/wp-content/uploads/2024/06/EN_Hawk_Brochure_FRONTBACK.pdf	EN_Hawk_Brochure_FRONTBACK
2639	application/zip	https://schmoll-asia.com/wp-content/uploads/2024/06/EN_Automation_Brochure_FRONTBACK.pdf.zip	EN_Automation_Brochure_FRONTBACK.pdf
2640	application/zip	https://schmoll-asia.com/wp-content/uploads/2024/06/EN_ProbeCard_Brochure_FRONTBACK.pdf.zip	EN_ProbeCard_Brochure_FRONTBACK.pdf
2641	application/zip	https://schmoll-asia.com/wp-content/uploads/2024/06/EN_CombiDrill_Brochure_FRONTBACK.pdf.zip	EN_CombiDrill_Brochure_FRONTBACK.pdf
2642	application/zip	https://schmoll-asia.com/wp-content/uploads/2024/06/EN_XRA3_Brochure_FRONTBACK.pdf.zip	EN_XRA3_Brochure_FRONTBACK.pdf
2643	application/zip	https://schmoll-asia.com/wp-content/uploads/2024/06/EN_MDI_Brochure_FRONTBACK.pdf.zip	EN_MDI_Brochure_FRONTBACK.pdf
2644	application/zip	https://schmoll-asia.com/wp-content/uploads/2024/06/EN_RMXY_Brochure_FRONTBACK.pdf.zip	EN_RMXY_Brochure_FRONTBACK.pdf
2645	application/zip	https://schmoll-asia.com/wp-content/uploads/2024/06/EN_Falcon_Brochure_FRONTBACK.pdf.zip	EN_Falcon_Brochure_FRONTBACK.pdf
2646	application/zip	https://schmoll-asia.com/wp-content/uploads/2024/06/EN_Eagle_Brochure_FRONTBACK.pdf.zip	EN_Eagle_Brochure_FRONTBACK.pdf
2647	application/zip	https://schmoll-asia.com/wp-content/uploads/2024/06/EN_Hawk_Brochure_FRONTBACK.pdf.zip	EN_Hawk_Brochure_FRONTBACK.pdf
2736	image/jpeg	https://schmoll-asia.com/wp-content/uploads/2024/06/Screenshot-2024-06-24-at-11.20.32.jpg	Screenshot 2024-06-24 at 11.20.32
2814	image/jpeg	https://schmoll-asia.com/wp-content/uploads/2024/06/Untitled-1-1.jpg	Untitled-1
2825	image/jpeg	https://schmoll-asia.com/wp-content/uploads/2024/06/Untitled-1-2.jpg	Untitled-1
2875	application/pdf	https://schmoll-asia.com/wp-content/uploads/2024/06/A4-double-sided-brochure-EAGLE-XY-frontfinal.pdf	A4 double-sided brochure-EAGLE XY-front(final)
2876	image/jpeg	https://schmoll-asia.com/wp-content/uploads/2024/06/Screenshot-2024-06-25-at-09.47.06.jpg	Screenshot 2024-06-25 at 09.47.06
2889	image/jpeg	https://schmoll-asia.com/wp-content/uploads/2024/06/schmoll-asia-pacific-38-scaled-e1719302553291.jpg	schmoll asia pacific-38
2893	image/jpeg	https://schmoll-asia.com/wp-content/uploads/2024/06/schmoll-asia-pacific-80-scaled.jpg	schmoll asia pacific-80
2897	image/jpeg	https://schmoll-asia.com/wp-content/uploads/2024/06/Untitled-design-83.jpg	Untitled design-83
2910	image/jpeg	https://schmoll-asia.com/wp-content/uploads/2024/06/schmoll-asia-pacific-112-scaled-e1719302617317.jpg	schmoll asia pacific-112
2911	image/jpeg	https://schmoll-asia.com/wp-content/uploads/2024/06/2-e1719293865345.jpg	2
2915	image/jpeg	https://schmoll-asia.com/wp-content/uploads/2024/06/1.jpg	1
2942	image/png	https://schmoll-asia.com/wp-content/uploads/2024/06/adobe-express-qr-code-39.png	adobe-express-qr-code-39
2943	video/mp4	https://schmoll-asia.com/wp-content/uploads/2024/06/Untitled-design.mp4	Untitled design
2974	image/jpeg	https://schmoll-asia.com/wp-content/uploads/2024/06/schmoll-asia-pacific-128-scaled.jpg	schmoll asia pacific-128
2993	image/jpeg	https://schmoll-asia.com/wp-content/uploads/2024/06/Schmoll-Asia-Pacific-132-scaled.jpg	Schmoll Asia Pacific-132
3015	image/jpeg	https://schmoll-asia.com/wp-content/uploads/2024/06/schmoll-asia-pacific-116-scaled.jpg	schmoll asia pacific-116
3019	image/jpeg	https://schmoll-asia.com/wp-content/uploads/2024/06/schmoll-asia-pacific-38-1-scaled-e1719387890215.jpg	schmoll asia pacific-38
3051	image/jpeg	https://schmoll-asia.com/wp-content/uploads/2024/06/Untitled-design-85.jpg	Untitled design-85
3069	image/png	https://schmoll-asia.com/wp-content/uploads/2024/06/placeholder-15.png	placeholder.png
3086	image/png	https://schmoll-asia.com/wp-content/uploads/2024/06/schmoll-4-e1719466736813.png	schmoll-4
3141	image/jpeg	https://schmoll-asia.com/wp-content/uploads/2024/06/Microdilling-PCB-SAP.jpg	Microdilling-PCB-SAP
3143	image/jpeg	https://schmoll-asia.com/wp-content/uploads/2024/06/xd.jpg	xd
3147	image/jpeg	https://schmoll-asia.com/wp-content/uploads/2024/06/countour-routing_.jpg	countour routing_
3148	image/jpeg	https://schmoll-asia.com/wp-content/uploads/2024/06/countour-routing.jpg	countour routing
3153	image/jpeg	https://schmoll-asia.com/wp-content/uploads/2024/06/IMG_4482-scaled.jpg	IMG_4482
3155	image/jpeg	https://schmoll-asia.com/wp-content/uploads/2024/06/Direct-Imaging_-scaled.jpg	Direct Imaging_
3156	image/jpeg	https://schmoll-asia.com/wp-content/uploads/2024/06/Direct-Imaging_-1-scaled.jpg	Direct Imaging_
3157	image/jpeg	https://schmoll-asia.com/wp-content/uploads/2024/06/Screenshot-2024-06-28-at-11.50.20.jpg	Screenshot 2024-06-28 at 11.50.20
3161	image/jpeg	https://schmoll-asia.com/wp-content/uploads/2024/06/Depth-Routing.jpg	Depth Routing
3219	image/png	https://schmoll-asia.com/wp-content/uploads/2024/06/Forma402x.png	Forma%402x.png
3224	image/png	https://schmoll-asia.com/wp-content/uploads/2024/06/Forma@2x.png	Forma@2x.png
3228	image/jpeg	https://schmoll-asia.com/wp-content/uploads/2024/06/Untitled-design-90.jpg	Untitled design-90
3229	image/jpeg	https://schmoll-asia.com/wp-content/uploads/2024/06/Untitled-design-91-e1719558113885.jpg	Untitled design-91
3234	image/jpeg	https://schmoll-asia.com/wp-content/uploads/2024/06/Untitled-design-91-1-e1719561415402.jpg	Untitled design-91
3260	image/png	https://schmoll-asia.com/wp-content/uploads/2024/06/Untitled-design-92-e1719565802226.png	Untitled design-92
3349	image/jpeg	https://schmoll-asia.com/wp-content/uploads/2024/07/WechatIMG52-scaled-e1719814528731.jpg	WechatIMG52
3384	image/jpeg	https://schmoll-asia.com/wp-content/uploads/2024/07/WechatIMG48-scaled.jpg	WechatIMG48
3385	image/jpeg	https://schmoll-asia.com/wp-content/uploads/2024/07/WechatIMG48-2-scaled-e1719821755870.jpg	WechatIMG48-2
3395	image/jpeg	https://schmoll-asia.com/wp-content/uploads/2024/07/Screenshot-2024-07-01-at-16.12.36-e1719821966471.jpg	Screenshot 2024-07-01 at 16.12.36
3414	image/jpeg	https://schmoll-asia.com/wp-content/uploads/2024/07/WechatIMG29.jpg	WechatIMG29
3415	image/jpeg	https://schmoll-asia.com/wp-content/uploads/2024/07/WechatIMG29-2-e1719822512279.jpg	WechatIMG29-2
3455	image/webp	https://schmoll-asia.com/wp-content/uploads/2024/07/IMG_5869-scaled-e1720430019435.webp	IMG_5869
3459	image/webp	https://schmoll-asia.com/wp-content/uploads/2024/07/Untitled-design-93-e1720426900301.webp	Untitled design-93
3463	image/webp	https://schmoll-asia.com/wp-content/uploads/2024/07/e01da247e6c5a8c9cc0b0f565ffdefb-scaled.webp	e01da247e6c5a8c9cc0b0f565ffdefb
3464	image/webp	https://schmoll-asia.com/wp-content/uploads/2024/07/Jacky20240629-scaled-e1719827416474.webp	Jacky20240629
3486	image/webp	https://schmoll-asia.com/wp-content/uploads/2024/07/Untitled-design-98-e1719992854825.webp	Untitled design-98
3499	image/webp	https://schmoll-asia.com/wp-content/uploads/2024/07/Untitled-design-99.webp	Untitled design-99
3566	image/jpeg	https://schmoll-asia.com/wp-content/uploads/2024/07/IMG_3989-2-scaled.jpg	IMG_3989 2
3570	image/webp	https://schmoll-asia.com/wp-content/uploads/2024/07/Untitled-design-100-2.webp	Untitled design-100-2
3588	image/webp	https://schmoll-asia.com/wp-content/uploads/2024/07/DALL·E-2024-07-04-14.44.54-A-realistic-electric-vehicle-with-a-transparent-body-showing-internal-components-and-a-focus-on-the-battery-pack-located-on-the-floor-of-the-vehicle.-.webp	DALL·E 2024-07-04 14.44.54 &#8211; A realistic electric vehicle with a transparent body showing internal components and a focus on the battery pack located on the floor of the vehicle.
3595	image/webp	https://schmoll-asia.com/wp-content/uploads/2024/07/DALL·E-2024-07-04-14.49.54-A-highly-realistic-electric-vehicle-with-the-hood-open-showing-internal-components-including-the-battery-pack-located-on-the-floor-of-the-vehicle-an.webp	DALL·E 2024-07-04 14.49.54 &#8211; A highly realistic electric vehicle with the hood open, showing internal components, including the battery pack located on the floor of the vehicle an
3605	image/png	https://schmoll-asia.com/wp-content/uploads/2024/07/CPCA-litfass-1-NEV-FPC.png	CPCA litfass-1-NEV FPC
3609	image/png	https://schmoll-asia.com/wp-content/uploads/2024/07/CPCA-litfass-1-NEV-FPC-1.png	CPCA litfass-1-NEV FPC
3619	image/webp	https://schmoll-asia.com/wp-content/uploads/2024/07/The-future-of-PCB-Fabrication-938x500-1.webp	The-future-of-PCB-Fabrication-938&#215;500
3620	image/jpeg	https://schmoll-asia.com/wp-content/uploads/2024/07/litfass-3-Probecard-Fixture-Drilling-scaled.jpg	litfass-3-Probecard Fixture Drilling
3627	image/jpeg	https://schmoll-asia.com/wp-content/uploads/2024/07/litfass-3-Probecard-Fixture-Drilling-1-scaled.jpg	litfass-3-Probecard Fixture Drilling
3634	image/webp	https://schmoll-asia.com/wp-content/uploads/2024/07/Untitled-design-102-e1720082574709.webp	Untitled design-102
3638	image/webp	https://schmoll-asia.com/wp-content/uploads/2024/07/Untitled-design-103-e1720082849938.webp	Untitled design-103
3646	image/png	https://schmoll-asia.com/wp-content/uploads/2024/07/CPCA-poster-P0-ccd-applications.png	CPCA poster-P0-ccd applications
3647	image/png	https://schmoll-asia.com/wp-content/uploads/2024/07/CPCA-poster-P0-ccd-applications-min-e1720596074336.png	CPCA poster-P0-ccd applications-min
3658	image/webp	https://schmoll-asia.com/wp-content/uploads/2024/07/Add-a-hfeading.webp	Add a hfeading
3662	image/webp	https://schmoll-asia.com/wp-content/uploads/2024/07/Untitled-design-105.webp	Untitled design-105
3669	image/webp	https://schmoll-asia.com/wp-content/uploads/2024/07/Untitled-design-109.webp	Untitled design-109
3673	image/webp	https://schmoll-asia.com/wp-content/uploads/2024/07/Untitled-design-103-min-e1720141709322.webp	Untitled design-103-min
3683	image/webp	https://schmoll-asia.com/wp-content/uploads/2024/07/Untitled-design-109-1.webp	Untitled design-109
3684	image/webp	https://schmoll-asia.com/wp-content/uploads/2024/07/Screenshot-2024-07-05-at-09.14.04.webp	Screenshot 2024-07-05 at 09.14.04
3688	image/webp	https://schmoll-asia.com/wp-content/uploads/2024/07/Screenshot-2024-07-05-at-09.14.04-1.webp	Screenshot 2024-07-05 at 09.14.04
3692	image/webp	https://schmoll-asia.com/wp-content/uploads/2024/07/WechatIMG1-e1720429040840.webp	WechatIMG1
3696	image/webp	https://schmoll-asia.com/wp-content/uploads/2024/07/Screenshot-2024-07-05-at-10.08.09.webp	Screenshot 2024-07-05 at 10.08.09
3720	image/webp	https://schmoll-asia.com/wp-content/uploads/2024/07/Untitled-design-110-e1722234238932.webp	Untitled design-110
3751	image/webp	https://schmoll-asia.com/wp-content/uploads/2024/07/Untitled-design-111-e1776001019830.webp	Untitled design-111
3782	image/webp	https://schmoll-asia.com/wp-content/uploads/2024/07/Untitled-design-112-e1720493956150.webp	Untitled design-112
3807	image/webp	https://schmoll-asia.com/wp-content/uploads/2024/07/SAP-Korea-5.webp	SAP Korea-5
3834	image/webp	https://schmoll-asia.com/wp-content/uploads/2024/05/SAP-Korea-6-e1720505195733.webp	SAP Korea-6
3886	image/webp	https://schmoll-asia.com/wp-content/uploads/2024/07/Screenshot-2024-07-09-at-16.42.35-min.webp	Screenshot 2024-07-09 at 16.42.35-min
3895	image/webp	https://schmoll-asia.com/wp-content/uploads/2024/07/Untitled-design-113-min-e1720515925269.webp	Untitled design-113-min
3896	image/jpeg	https://schmoll-asia.com/wp-content/uploads/2024/07/Untitled-design-115-e1720589850855.jpg	Untitled design-115
3900	image/jpeg	https://schmoll-asia.com/wp-content/uploads/2024/07/Thomas_Grey_BG-e1720590294806.jpg	Thomas_Grey_BG
3904	image/png	https://schmoll-asia.com/wp-content/uploads/2024/07/Untitled-design-117.png	Untitled design-117
3909	image/jpeg	https://schmoll-asia.com/wp-content/uploads/2024/07/Screenshot-2024-07-10-at-15.09.41.jpg	Screenshot 2024-07-10 at 15.09.41
3916	image/png	https://schmoll-asia.com/wp-content/uploads/2024/07/CPCA-poster-P1-backdrilling-applications.png	CPCA poster-P1-backdrilling applications
3917	image/png	https://schmoll-asia.com/wp-content/uploads/2024/07/Screenshot-2024-07-10-at-15.36.44.png	Screenshot 2024-07-10 at 15.36.44
3921	image/jpeg	https://schmoll-asia.com/wp-content/uploads/2024/07/Screenshot-2024-06-24-at-11.20.32-min.jpg	Screenshot-2024-06-24-at-11.20.32-min
3928	image/png	https://schmoll-asia.com/wp-content/uploads/2024/07/d.png	d
3930	image/png	https://schmoll-asia.com/wp-content/uploads/2024/07/Screenshot-2024-07-10-at-15.51.19.png	Screenshot 2024-07-10 at 15.51.19
3937	image/png	https://schmoll-asia.com/wp-content/uploads/2024/07/Screenshot-2024-07-10-at-15.51.19-1.png	Screenshot 2024-07-10 at 15.51.19
3939	image/png	https://schmoll-asia.com/wp-content/uploads/2024/07/CPCA-poster-P3-substrate-e1720748401817.png	CPCA poster-P3-substrate
3943	image/png	https://schmoll-asia.com/wp-content/uploads/2024/07/CPCA-poster-P2-automation-e1720749757572.png	CPCA poster-P2-automation
3950	image/png	https://schmoll-asia.com/wp-content/uploads/2024/07/d-2.png	d-2
3954	image/png	https://schmoll-asia.com/wp-content/uploads/2024/07/CPCA-litfass-3-Probecard-Fixture-Drilling.png	CPCA litfass-3-Probecard Fixture Drilling
3959	image/jpeg	https://schmoll-asia.com/wp-content/uploads/2024/07/Untitled-design-121.jpg	Untitled design-121
3960	image/jpeg	https://schmoll-asia.com/wp-content/uploads/2024/07/Untitled-design-121-1.jpg	Untitled design-121
3964	image/jpeg	https://schmoll-asia.com/wp-content/uploads/2024/07/IMG_6125.jpg	IMG_6125
3971	image/jpeg	https://schmoll-asia.com/wp-content/uploads/2024/07/IMG_6130.jpg	IMG_6130
3981	image/png	https://schmoll-asia.com/wp-content/uploads/2024/07/IMG_6133.png	IMG_6133
3988	image/png	https://schmoll-asia.com/wp-content/uploads/2024/07/IMG_6133-1.png	IMG_6133
3998	image/png	https://schmoll-asia.com/wp-content/uploads/2024/07/Untitled-design-123.png	Untitled design-123
4003	image/png	https://schmoll-asia.com/wp-content/uploads/2024/07/Untitled-design-124.png	Untitled design-124
4004	image/png	https://schmoll-asia.com/wp-content/uploads/2024/07/Untitled-design-124-1.png	Untitled design-124
4019	image/jpeg	https://schmoll-asia.com/wp-content/uploads/2024/07/runda_D09CD0BED0BDD182D0B0D0B6D0BDD0B0D18F-D0BED0B1D0BBD0B0D181D182D18C-1_bg3.jpg	runda_%D0%9C%D0%BE%D0%BD%D1%82%D0%B0%D0%B6%D0%BD%D0%B0%D1%8F-%D0%BE%D0%B1%D0%BB%D0%B0%D1%81%D1%82%D1%8C-1_bg3.jpg
4026	image/jpeg	https://schmoll-asia.com/wp-content/uploads/2024/07/runda_Монтажная-область-1_bg3.jpg	runda_Монтажная-область-1_bg3.jpg
4034	image/jpeg	https://schmoll-asia.com/wp-content/uploads/2024/07/Untitled-design-125-e1720679697210.jpg	Untitled design-125
4074	image/jpeg	https://schmoll-asia.com/wp-content/uploads/2024/07/Untitled-design-126-e1720687558147.jpg	Untitled design-126
4079	image/jpeg	https://schmoll-asia.com/wp-content/uploads/2024/07/Circle-Monogram-Logo-3.jpg	Circle Monogram Logo -3
4080	image/jpeg	https://schmoll-asia.com/wp-content/uploads/2024/07/cropped-Circle-Monogram-Logo-3.jpg	cropped-Circle-Monogram-Logo-3.png
4081	image/png	https://schmoll-asia.com/wp-content/uploads/2024/07/CPCA-poster-P5-XRA3.png	CPCA poster-P5-XRA3
4088	image/png	https://schmoll-asia.com/wp-content/uploads/2024/07/CPCA-poster-P6-MDI.png	CPCA poster-P6-MDI
4092	image/png	https://schmoll-asia.com/wp-content/uploads/2024/07/CPCA-poster-P3-substrate-1.png	CPCA poster-P3-substrate
4096	image/png	https://schmoll-asia.com/wp-content/uploads/2024/07/CPCA-poster-P2-automation-1.png	CPCA poster-P2-automation
4097	image/png	https://schmoll-asia.com/wp-content/uploads/2024/07/CPCA-litfass-3-Probecard-Fixture-Drilling-1.png	CPCA litfass-3-Probecard Fixture Drilling
4101	image/png	https://schmoll-asia.com/wp-content/uploads/2024/07/CPCA-poster-P4-hybrid-laser.png	CPCA poster-P4-hybrid laser
4109	image/png	https://schmoll-asia.com/wp-content/uploads/2024/07/Untitled-design-127.png	Untitled design-127
4113	image/png	https://schmoll-asia.com/wp-content/uploads/2024/07/s.png	s
4138	image/jpeg	https://schmoll-asia.com/wp-content/uploads/2024/07/12-2.jpg	12-2.jpg
4139	image/jpeg	https://schmoll-asia.com/wp-content/uploads/2024/07/14.jpg	14.jpg
4140	image/jpeg	https://schmoll-asia.com/wp-content/uploads/2024/07/02.jpg	02.jpg
4141	image/jpeg	https://schmoll-asia.com/wp-content/uploads/2024/07/16.jpg	16.jpg
4142	image/jpeg	https://schmoll-asia.com/wp-content/uploads/2024/07/11-2.jpg	11-2.jpg
4143	image/jpeg	https://schmoll-asia.com/wp-content/uploads/2024/07/13-2.jpg	13-2.jpg
4173	image/jpeg	https://schmoll-asia.com/wp-content/uploads/2024/07/s-2-e1720754845599.jpg	s-2
4177	image/png	https://schmoll-asia.com/wp-content/uploads/2024/07/s-2-1-e1720754967704.png	s-2
4184	image/png	https://schmoll-asia.com/wp-content/uploads/2024/07/s-3.png	s-3
4197	image/png	https://schmoll-asia.com/wp-content/uploads/2024/07/s-1.png	s
4201	image/png	https://schmoll-asia.com/wp-content/uploads/2024/07/Untitled-design-102-1.png	Untitled design-102
4208	image/png	https://schmoll-asia.com/wp-content/uploads/2024/07/s-3-1.png	s-3
4215	image/png	https://schmoll-asia.com/wp-content/uploads/2024/07/Untitled-design-128.png	Untitled design-128
4231	image/png	https://schmoll-asia.com/wp-content/uploads/2024/07/Untitled-design-129.png	Untitled design-129
4262	image/jpeg	https://schmoll-asia.com/wp-content/uploads/2024/07/Untitled-design-130-e1720774441840.jpg	Untitled design-130
4278	image/jpeg	https://schmoll-asia.com/wp-content/uploads/2024/07/Untitled-design-131-e1720775685831.jpg	Untitled design-131
4288	image/png	https://schmoll-asia.com/wp-content/uploads/2024/07/placeholder-276.png	placeholder-276.png
4290	image/png	https://schmoll-asia.com/wp-content/uploads/2024/07/placeholder-277.png	placeholder-277.png
4296	image/png	https://schmoll-asia.com/wp-content/uploads/2024/07/placeholder-278.png	placeholder-278.png
4297	image/png	https://schmoll-asia.com/wp-content/uploads/2024/07/placeholder-279.png	placeholder-279.png
4299	image/png	https://schmoll-asia.com/wp-content/uploads/2024/07/placeholder-280.png	placeholder-280.png
4301	image/png	https://schmoll-asia.com/wp-content/uploads/2024/07/placeholder-281.png	placeholder-281.png
4302	image/png	https://schmoll-asia.com/wp-content/uploads/2024/07/placeholder-282.png	placeholder-282.png
4304	image/png	https://schmoll-asia.com/wp-content/uploads/2024/07/placeholder-283.png	placeholder-283.png
4305	image/png	https://schmoll-asia.com/wp-content/uploads/2024/07/placeholder-284.png	placeholder-284.png
4307	image/png	https://schmoll-asia.com/wp-content/uploads/2024/07/placeholder-285.png	placeholder-285.png
4308	image/png	https://schmoll-asia.com/wp-content/uploads/2024/07/placeholder-286.png	placeholder-286.png
4309	image/png	https://schmoll-asia.com/wp-content/uploads/2024/07/placeholder-287.png	placeholder-287.png
4310	image/png	https://schmoll-asia.com/wp-content/uploads/2024/07/placeholder-288.png	placeholder-288.png
4341	image/png	https://schmoll-asia.com/wp-content/uploads/2024/07/img_bg.png	img_bg.png
4350	image/png	https://schmoll-asia.com/wp-content/uploads/2024/07/placeholder.png	placeholder.png
4351	image/png	https://schmoll-asia.com/wp-content/uploads/2024/07/placeholder-1.png	placeholder.png
4352	image/png	https://schmoll-asia.com/wp-content/uploads/2024/07/placeholder-2.png	placeholder.png
4353	image/png	https://schmoll-asia.com/wp-content/uploads/2024/07/placeholder-3.png	placeholder.png
4357	image/jpeg	https://schmoll-asia.com/wp-content/uploads/2024/07/IMG_4492-scaled.jpg	IMG_4492
4358	image/jpeg	https://schmoll-asia.com/wp-content/uploads/2024/07/1-e1720955930861.jpg	1
4359	image/jpeg	https://schmoll-asia.com/wp-content/uploads/2024/07/2-e1721007192333.jpg	2
4376	application/pdf	https://schmoll-asia.com/wp-content/uploads/2024/07/EN-HAWK-FRONTBACK.pdf	EN &#8211; HAWK-FRONTBACK
4382	image/jpeg	https://schmoll-asia.com/wp-content/uploads/2024/07/15f8001624bd5b624aa2c00d0d25b1f4.jpg	15f8001624bd5b624aa2c00d0d25b1f4
4401	image/jpeg	https://schmoll-asia.com/wp-content/uploads/2024/07/WhatsApp-Image-2024-07-05-at-11.24.49-e1722235738532.jpeg	WhatsApp Image 2024-07-05 at 11.24.49
4715	image/png	https://schmoll-asia.com/wp-content/uploads/2024/07/qi-addons-for-elementor-placeholder.png	qi-addons-for-elementor-placeholder
4717	image/png	https://schmoll-asia.com/wp-content/uploads/2024/07/Untitled-design-132.png	Untitled design-132
4721	image/jpeg	https://schmoll-asia.com/wp-content/uploads/2024/07/Untitled-design-133-min.jpg	Untitled design-133-min
4725	image/jpeg	https://schmoll-asia.com/wp-content/uploads/2024/07/Screenshot-2024-05-20-at-12.22.37-min.jpg	Screenshot-2024-05-20-at-12.22.37-min
4738	image/png	https://schmoll-asia.com/wp-content/uploads/2024/07/ellipse-creative.png	ellipse-creative.png
4947	image/jpeg	https://schmoll-asia.com/wp-content/uploads/elementor/screenshots/Elementor-post-screenshot_4701_2024-07-29-01-14-07_3017e1a1.jpg	Elementor-post-screenshot_4701_2024-07-29-01-14-07_3017e1a1.png
4948	image/jpeg	https://schmoll-asia.com/wp-content/uploads/elementor/screenshots/Elementor-post-screenshot_4746_2024-07-29-01-14-19_62890f11.jpg	Elementor-post-screenshot_4746_2024-07-29-01-14-19_62890f11.png
4957	image/png	https://schmoll-asia.com/wp-content/uploads/2024/07/Add-a-subheading-2.png	Add a subheading-2
5032	image/jpeg	https://schmoll-asia.com/wp-content/uploads/2024/07/Martin-Schmoll-e1722234090527.jpg	Martin-Schmoll
5111	image/jpeg	https://schmoll-asia.com/wp-content/uploads/2024/07/Untitled-design-138.jpg	Untitled design-138
5112	image/png	https://schmoll-asia.com/wp-content/uploads/2024/07/Untitled-design-139.png	Untitled design-139
5465	image/png	https://schmoll-asia.com/wp-content/uploads/2024/08/CPCA-litfass-2-advanced-backdrilling-amended-20240418.png	CPCA litfass-2-advanced backdrilling-amended-20240418
5572	image/jpeg	https://schmoll-asia.com/wp-content/uploads/2024/08/DSC01245-HDR-scaled.jpg	DSC01245-HDR
5577	image/jpeg	https://schmoll-asia.com/wp-content/uploads/2024/08/DSC01169-min-scaled.jpg	DSC01169-min
5578	image/jpeg	https://schmoll-asia.com/wp-content/uploads/2024/08/DSC01169-min-1.jpg	DSC01169-min
5579	image/jpeg	https://schmoll-asia.com/wp-content/uploads/2024/08/DSC01154-min-scaled.jpg	DSC01154-min
5603	image/png	https://schmoll-asia.com/wp-content/uploads/2024/08/IMG_6791.png	IMG_6791
5604	image/png	https://schmoll-asia.com/wp-content/uploads/2024/08/Untitled-design-142-e1722564038603.png	Untitled design-142
5608	image/jpeg	https://schmoll-asia.com/wp-content/uploads/2024/08/DSC01241-HDR-scaled.jpg	DSC01241-HDR
5621	image/png	https://schmoll-asia.com/wp-content/uploads/2024/08/Untitled-design-143.png	Untitled design-143
5688	image/jpeg	https://schmoll-asia.com/wp-content/uploads/2024/08/DSC01259-scaled.jpg	DSC01259
5760	image/jpeg	https://schmoll-asia.com/wp-content/uploads/2024/08/Untitled-design-148-e1722915312766.jpg	Untitled design-148
5891	image/jpeg	https://schmoll-asia.com/wp-content/uploads/2024/07/Screenshot-2024-08-07-at-09.55.51-min-scaled.jpg	Screenshot 2024-08-07 at 09.55.51-min
5895	image/jpeg	https://schmoll-asia.com/wp-content/uploads/2024/07/640.jpeg	640
5896	image/webp	https://schmoll-asia.com/wp-content/uploads/2024/07/640.webp	640
5897	image/jpeg	https://schmoll-asia.com/wp-content/uploads/2024/07/Screenshot-2024-08-07-at-12.56.17-scaled.jpg	Screenshot 2024-08-07 at 12.56.17
5898	image/jpeg	https://schmoll-asia.com/wp-content/uploads/2024/07/Screenshot-2024-08-07-at-12.56.17-min-scaled.jpg	Screenshot 2024-08-07 at 12.56.17-min
5901	video/mp4	https://schmoll-asia.com/wp-content/uploads/2024/07/0807.mp4	0807
5905	image/jpeg	https://schmoll-asia.com/wp-content/uploads/2024/07/Screenshot-2024-08-07-at-13.39.15-min-scaled.jpg	Screenshot 2024-08-07 at 13.39.15-min
5906	video/mp4	https://schmoll-asia.com/wp-content/uploads/2024/07/08071.mp4	0807(1)
5964	image/jpeg	https://schmoll-asia.com/wp-content/uploads/2024/08/j-min.jpg	j-min
5995	image/png	https://schmoll-asia.com/wp-content/uploads/2024/08/j-2.png	j-2
6113	image/png	https://schmoll-asia.com/wp-content/uploads/2024/08/placeholder.png	placeholder.png
6118	image/jpeg	https://schmoll-asia.com/wp-content/uploads/2024/08/l-4-e1723443869165.jpg	l-4
6125	image/jpeg	https://schmoll-asia.com/wp-content/uploads/2024/08/1-scaled-1.jpg	1-scaled
6303	image/png	https://schmoll-asia.com/wp-content/uploads/2024/08/SAPMY-Supplier-award.png	SAPMY Supplier award
6396	image/jpeg	https://schmoll-asia.com/wp-content/uploads/2024/08/Montagehalle_Pic-Mi_00_2012_Print-L_GE-scaled.jpg	Montagehalle_Pic-Mi_00_2012_Print-L_GE
6398	image/jpeg	https://schmoll-asia.com/wp-content/uploads/2024/08/Montagehalle2_Pic-Mi_00_2012_Print-L_GE-Kopie-scaled.jpg	Montagehalle2_Pic-Mi_00_2012_Print-L_GE &#8211; Kopie
6400	image/jpeg	https://schmoll-asia.com/wp-content/uploads/2024/08/CPCA-poster-P2-automation-e1720749757572-scaled.jpg	CPCA-poster-P2-automation-e1720749757572
6444	image/png	https://schmoll-asia.com/wp-content/uploads/2024/08/Untitled-design-153.png	Untitled design-153
6486	image/png	https://schmoll-asia.com/wp-content/uploads/2024/08/T-min-e1724320574972.png	T-min
6492	image/jpeg	https://schmoll-asia.com/wp-content/uploads/2024/08/Eingang-Screen-min-e1724321690420.jpg	Eingang-Screen-min
6505	image/jpeg	https://schmoll-asia.com/wp-content/uploads/2024/08/DSC01241-HDR-1-scaled.jpg	DSC01241-HDR
6681	image/webp	https://schmoll-asia.com/wp-content/uploads/2024/09/granit_reitz_granit_vorteile_content.jpg.webp	granit_reitz_granit_vorteile_content.jpg
6682	image/jpeg	https://schmoll-asia.com/wp-content/uploads/2024/09/IMG_7493-scaled.jpeg	IMG_7493
6684	image/jpeg	https://schmoll-asia.com/wp-content/uploads/2024/09/Untitled-design-157-e1726077863385.jpg	Untitled design-157
6764	image/jpeg	https://schmoll-asia.com/wp-content/uploads/2024/09/VisitSAP_116.jpg	VisitSAP_116
6799	image/jpeg	https://schmoll-asia.com/wp-content/uploads/2024/09/WhatsApp-Image-2024-09-05-at-09.33.00-1.jpeg	WhatsApp Image 2024-09-05 at 09.33.00 (1)
6805	image/jpeg	https://schmoll-asia.com/wp-content/uploads/2024/09/Untitled-design-154.jpg	Untitled design-154
6868	image/png	https://schmoll-asia.com/wp-content/uploads/2024/10/DSC09726.png	DSC09726
6869	image/png	https://schmoll-asia.com/wp-content/uploads/2024/10/DSC09726-1.png	DSC09726
6870	image/png	https://schmoll-asia.com/wp-content/uploads/2024/10/Untitled-design-173.png	Untitled design-173
6871	image/png	https://schmoll-asia.com/wp-content/uploads/2024/10/Untitled-design-173-1.png	Untitled design-173
6872	image/png	https://schmoll-asia.com/wp-content/uploads/2024/10/Untitled-design-173-min.png	Untitled design-173-min
6880	image/png	https://schmoll-asia.com/wp-content/uploads/2024/10/Untitled-design-173-min-1-e1730106452953.png	Untitled design-173-min
6941	image/jpeg	https://schmoll-asia.com/wp-content/uploads/2024/11/12b12f488a604db063a32c8e3b2bbe-e1730965959632.jpg	12b12f488a604db063a32c8e3b2bbe
6949	image/jpeg	https://schmoll-asia.com/wp-content/uploads/2024/11/IMG_3433-scaled.jpeg	IMG_3433
7007	image/jpeg	https://schmoll-asia.com/wp-content/uploads/2024/11/HKPCA-ShenZhen-Schmoll-7C40.jpg	HKPCA-ShenZhen-Schmoll-7C40
7021	image/jpeg	https://schmoll-asia.com/wp-content/uploads/2024/11/1731319205191.jpeg	1731319205191
7022	image/jpeg	https://schmoll-asia.com/wp-content/uploads/2024/11/1731319205191-1.jpeg	1731319205191
7023	image/png	https://schmoll-asia.com/wp-content/uploads/2024/11/FixedEyeCPCASHow2024.png	FixedEyeCPCASHow2024
7027	application/pdf	https://schmoll-asia.com/wp-content/uploads/2024/12/EAGLE-XY-英文版1EN.pdf	EAGLE-XY 英文版(1)EN
7028	image/jpeg	https://schmoll-asia.com/wp-content/uploads/2024/12/Screenshot-2024-12-02-at-22.25.47.jpg	Screenshot 2024-12-02 at 22.25.47
7029	image/jpeg	https://schmoll-asia.com/wp-content/uploads/2024/12/Screenshot-2024-12-02-at-22.26.58.jpg	Screenshot 2024-12-02 at 22.26.58
7033	application/pdf	https://schmoll-asia.com/wp-content/uploads/2024/12/FALCON-英文版印刷档EN.pdf	FALCON 英文版印刷档EN
7034	image/jpeg	https://schmoll-asia.com/wp-content/uploads/2024/12/Screenshot-2024-12-02-at-22.33.48.jpg	Screenshot 2024-12-02 at 22.33.48
7035	image/jpeg	https://schmoll-asia.com/wp-content/uploads/2024/12/Screenshot-2024-12-02-at-22.34.22.jpg	Screenshot 2024-12-02 at 22.34.22
7040	application/pdf	https://schmoll-asia.com/wp-content/uploads/2024/12/FALCON-英文版印刷档EN-1.pdf	FALCON-英文版印刷档EN
7047	application/pdf	https://schmoll-asia.com/wp-content/uploads/2024/12/HAWK英文版印刷档EN.pdf	HAWK英文版印刷档EN
7048	image/jpeg	https://schmoll-asia.com/wp-content/uploads/2024/12/Screenshot-2024-12-03-at-09.01.00.jpg	Screenshot 2024-12-03 at 09.01.00
7049	image/jpeg	https://schmoll-asia.com/wp-content/uploads/2024/12/Screenshot-2024-12-03-at-09.00.31.jpg	Screenshot 2024-12-03 at 09.00.31
7051	application/pdf	https://schmoll-asia.com/wp-content/uploads/2024/12/A4-double-sided-brochure-HAWK-backfinal-.pdf	A4 double-sided brochure-HAWK-back(final)
7052	application/pdf	https://schmoll-asia.com/wp-content/uploads/2024/12/A4-double-sided-brochure-HAWK.pdf	A4 double-sided brochure-HAWK
7053	image/jpeg	https://schmoll-asia.com/wp-content/uploads/2024/12/Screenshot-2024-12-03-at-09.14.37.jpg	Screenshot 2024-12-03 at 09.14.37
7054	image/jpeg	https://schmoll-asia.com/wp-content/uploads/2024/12/Screenshot-2024-12-03-at-09.14.14.jpg	Screenshot 2024-12-03 at 09.14.14
7058	application/pdf	https://schmoll-asia.com/wp-content/uploads/2024/12/A4-double-sided-brochure-XRA3.pdf	A4 double-sided brochure-XRA3
7059	image/jpeg	https://schmoll-asia.com/wp-content/uploads/2024/12/Screenshot-2024-12-03-at-09.52.52.jpg	Screenshot 2024-12-03 at 09.52.52
7060	image/jpeg	https://schmoll-asia.com/wp-content/uploads/2024/12/Screenshot-2024-12-03-at-09.52.33.jpg	Screenshot 2024-12-03 at 09.52.33
7061	application/pdf	https://schmoll-asia.com/wp-content/uploads/2024/12/A4-double-sided-brochure-XRA3-1.pdf	A4 double-sided brochure-XRA3
7062	image/jpeg	https://schmoll-asia.com/wp-content/uploads/2024/12/Screenshot-2024-12-03-at-10.25.26.jpg	Screenshot 2024-12-03 at 10.25.26
7066	application/pdf	https://schmoll-asia.com/wp-content/uploads/2024/12/A4-double-sided-brochure-MDI-Beam-front-EN.pdf	A4 double-sided brochure-MDI-Beam-front-EN
7067	application/pdf	https://schmoll-asia.com/wp-content/uploads/2024/12/A4-double-sided-brochure-MDI-Beam-front-EN-1.pdf	A4 double-sided brochure-MDI-Beam-front-EN
7068	image/jpeg	https://schmoll-asia.com/wp-content/uploads/2024/12/Screenshot-2024-12-03-at-10.44.44.jpg	Screenshot 2024-12-03 at 10.44.44
7069	image/jpeg	https://schmoll-asia.com/wp-content/uploads/2024/12/Screenshot-2024-12-03-at-10.45.17.jpg	Screenshot 2024-12-03 at 10.45.17
7076	application/pdf	https://schmoll-asia.com/wp-content/uploads/2024/12/A4-double-sided-brochure-PROBE-CARD-front.pdf	A4 double-sided brochure-PROBE CARD-front
7077	image/jpeg	https://schmoll-asia.com/wp-content/uploads/2024/12/Screenshot-2024-12-03-at-10.52.43.jpg	Screenshot 2024-12-03 at 10.52.43
7078	image/jpeg	https://schmoll-asia.com/wp-content/uploads/2024/12/Screenshot-2024-12-03-at-10.53.03.jpg	Screenshot 2024-12-03 at 10.53.03
7082	application/pdf	https://schmoll-asia.com/wp-content/uploads/2024/12/A4-double-sided-brochure-CombiDrill-front.pdf	A4 double-sided brochure-CombiDrill-front
7083	image/jpeg	https://schmoll-asia.com/wp-content/uploads/2024/12/Screenshot-2024-12-03-at-11.03.52.jpg	Screenshot 2024-12-03 at 11.03.52
7084	image/jpeg	https://schmoll-asia.com/wp-content/uploads/2024/12/Screenshot-2024-12-03-at-11.03.25.jpg	Screenshot 2024-12-03 at 11.03.25
7097	image/png	https://schmoll-asia.com/wp-content/uploads/2024/11/CPCASHOW2024SZ.png	CPCASHOW2024SZ
7102	image/jpeg	https://schmoll-asia.com/wp-content/uploads/2024/11/1730880120741.jpeg	1730880120741
7107	image/webp	https://schmoll-asia.com/wp-content/uploads/2024/11/content.webp	content
7125	image/jpeg	https://schmoll-asia.com/wp-content/uploads/2024/12/1731319205191.jpeg	1731319205191
7126	image/jpeg	https://schmoll-asia.com/wp-content/uploads/2024/12/WechatIMG191.jpg	WechatIMG191
7132	image/jpeg	https://schmoll-asia.com/wp-content/uploads/2024/12/IMG_9091.jpeg	IMG_9091
7133	image/jpeg	https://schmoll-asia.com/wp-content/uploads/2024/12/IMG_9035.jpeg	IMG_9035
7134	image/jpeg	https://schmoll-asia.com/wp-content/uploads/2024/12/IMG_9174.jpeg	IMG_9174
7155	image/jpeg	https://schmoll-asia.com/wp-content/uploads/2025/01/42.jpg	42.jpg
7156	image/jpeg	https://schmoll-asia.com/wp-content/uploads/2025/01/12-1.jpg	12-1.jpg
7157	image/jpeg	https://schmoll-asia.com/wp-content/uploads/2025/01/13-1.jpg	13-1.jpg
7158	image/jpeg	https://schmoll-asia.com/wp-content/uploads/2025/01/11-1.jpg	11-1.jpg
7159	image/jpeg	https://schmoll-asia.com/wp-content/uploads/2025/01/23.jpg	23.jpg
7160	image/jpeg	https://schmoll-asia.com/wp-content/uploads/2025/01/36.jpg	36.jpg
7161	image/jpeg	https://schmoll-asia.com/wp-content/uploads/2025/01/35.jpg	35.jpg
7162	image/jpeg	https://schmoll-asia.com/wp-content/uploads/2025/01/37.jpg	37.jpg
7163	image/png	https://schmoll-asia.com/wp-content/uploads/2025/01/27.png	27.png
7164	image/png	https://schmoll-asia.com/wp-content/uploads/2025/01/28.png	28.png
7165	image/png	https://schmoll-asia.com/wp-content/uploads/2025/01/30.png	30.png
7166	image/png	https://schmoll-asia.com/wp-content/uploads/2025/01/29.png	29.png
7167	image/png	https://schmoll-asia.com/wp-content/uploads/2025/01/31.png	31.png
7168	image/jpeg	https://schmoll-asia.com/wp-content/uploads/2025/01/43.jpg	43.jpg
7169	image/jpeg	https://schmoll-asia.com/wp-content/uploads/2025/01/01.jpg	01.jpg
7170	image/png	https://schmoll-asia.com/wp-content/uploads/2025/01/qi-addons-for-elementor-placeholder.png	qi-addons-for-elementor-placeholder.png
7174	image/jpeg	https://schmoll-asia.com/wp-content/uploads/2025/01/DSC01259-scaled.jpg	DSC01259
7205	image/jpeg	https://schmoll-asia.com/wp-content/uploads/2025/01/Bangkok.jpg	Bangkok
7206	image/jpeg	https://schmoll-asia.com/wp-content/uploads/2025/01/Dongguan.jpg	Dongguan
7235	image/jpeg	https://schmoll-asia.com/wp-content/uploads/2025/02/7D38.jpg	7D38
7240	image/png	https://schmoll-asia.com/wp-content/uploads/2025/03/thumbnail_image002.png	thumbnail_image002
7253	image/png	https://schmoll-asia.com/wp-content/uploads/2025/03/thumbnail_image002-1.png	thumbnail_image002
7285	image/jpeg	https://schmoll-asia.com/wp-content/uploads/2025/04/WechatIMG484-scaled-e1745310805761.jpg	oplus_149946368
7302	application/pdf	https://schmoll-asia.com/wp-content/uploads/2025/05/20221128_NDA_Customer_Supplier_limited_time_logo_encn.pdf	20221128_NDA_Customer_Supplier_limited_time_logo_encn
7307	application/pdf	https://schmoll-asia.com/wp-content/uploads/2025/05/20221128_NDA_Customer_Supplier_limited_time_logo_encn-1.pdf	20221128_NDA_Customer_Supplier_limited_time_logo_encn
7308	application/pdf	https://schmoll-asia.com/wp-content/uploads/2025/05/20231109_GTC_Purchase_SCHMOLL_ASIA_PACIFIC_2023_EN_CN-SAP_KS.pdf	20231109_GTC_Purchase_SCHMOLL_ASIA_PACIFIC_2023_EN_CN-SAP_KS
7309	application/pdf	https://schmoll-asia.com/wp-content/uploads/2025/05/20231110_GTC_Service_SCHMOLL_ASIA_PACIFIC_SAP_KS.pdf	20231110_GTC_Service_SCHMOLL_ASIA_PACIFIC_SAP_KS
7452	image/jpeg	https://schmoll-asia.com/wp-content/uploads/2025/08/BoothB101-KPCA-INCHEON-SEPT3.jpg	BoothB101-KPCA-INCHEON-SEPT3
7453	image/jpeg	https://schmoll-asia.com/wp-content/uploads/2025/08/Untitled-design-10-1.jpg	Untitled design (10)
7463	image/jpeg	https://schmoll-asia.com/wp-content/uploads/2025/08/Untitled-design-10-1.jpg	Untitled design (10)
7467	image/png	https://schmoll-asia.com/wp-content/uploads/2025/08/Untitled-design-10.png	Untitled design (10)
7471	image/jpeg	https://schmoll-asia.com/wp-content/uploads/2025/08/Untitled-design-10-1-1.jpg	Untitled design (10)
7475	image/png	https://schmoll-asia.com/wp-content/uploads/2025/08/Untitled-design-10-1.png	Untitled design (10)
7479	image/jpeg	https://schmoll-asia.com/wp-content/uploads/2025/08/Untitled-design-10-2.jpg	Untitled design (10)
7483	image/png	https://schmoll-asia.com/wp-content/uploads/2025/08/Untitled-design-10-2.png	Untitled design (10)
7538	image/png	https://schmoll-asia.com/wp-content/uploads/2025/10/SAP_Map_China-TW-HKDots-4.png	SAP_Map_China-TW-HK+Dots-4
7542	image/jpeg	https://schmoll-asia.com/wp-content/uploads/2025/10/SAP-Korea-scaled-e1761027787466.jpg	SAP Korea
7549	image/jpeg	https://schmoll-asia.com/wp-content/uploads/2025/10/SAP-Korea-1-scaled.jpg	SAP Korea
7553	image/png	https://schmoll-asia.com/wp-content/uploads/2025/10/SAP_Map_China-TW-HKDots-4-1.png	SAP_Map_China-TW-HK+Dots-4
7563	image/png	https://schmoll-asia.com/wp-content/uploads/2025/10/SAP_Map_China-TW-HKDots-7.png	SAP_Map_China-TW-HK+Dots-7
7581	image/jpeg	https://schmoll-asia.com/wp-content/uploads/2025/12/HKPCA-2025.jpeg	HKPCA 2025
7586	image/jpeg	https://schmoll-asia.com/wp-content/uploads/2025/12/WhatsApp-Image-2025-12-03-at-14.14.18.jpeg	WhatsApp Image 2025-12-03 at 14.14.18
7587	image/webp	https://schmoll-asia.com/wp-content/uploads/2025/12/HKPCA-Show-2025_30-years.webp	HKPCA Show 2025_30 years
7609	application/pdf	https://schmoll-asia.com/wp-content/uploads/2026/03/A4-double-sided-brochure-EAGLE-XY-front-FINAL.pdf	A4 double-sided brochure-EAGLE XY-front-FINAL
7611	application/pdf	https://schmoll-asia.com/wp-content/uploads/2026/03/A4-double-sided-brochure-EAGLE-XY-backfinal-.pdf	A4 double-sided brochure-EAGLE XY-back(final)
7612	application/pdf	https://schmoll-asia.com/wp-content/uploads/2026/03/A4-double-sided-brochure-EAGLE-XY-front-FINAL-1.pdf	A4 double-sided brochure-EAGLE XY-front-FINAL
7614	application/pdf	https://schmoll-asia.com/wp-content/uploads/2026/03/A4-double-sided-brochure-EAGLE-XY-backfinal-1-1.pdf	A4 double-sided brochure-EAGLE XY-back(final)
7619	application/pdf	https://schmoll-asia.com/wp-content/uploads/2026/03/A4-double-sided-brochure-EAGLE-XY-backfinal-1-2.pdf	A4 double-sided brochure-EAGLE XY-back(final)
7620	application/pdf	https://schmoll-asia.com/wp-content/uploads/2026/03/EN-BACKFRONT-Eagle-.pdf	EN &#8211; BACKFRONT &#8211; Eagle
7633	application/pdf	https://schmoll-asia.com/wp-content/uploads/2026/03/A4-double-sided-brochure-HAWK-frontfinal-3.pdf	A4 double-sided brochure-HAWK-front(final)-3
7634	application/pdf	https://schmoll-asia.com/wp-content/uploads/2026/03/A4-double-sided-brochure-HAWK-back202410.pdf	A4 double-sided brochure-HAWK-back(202410)
7642	application/pdf	https://schmoll-asia.com/wp-content/uploads/2026/03/A4-double-sided-brochure-HAWK-frontfinal-3-1.pdf	A4 double-sided brochure-HAWK-front(final)-3
7643	application/pdf	https://schmoll-asia.com/wp-content/uploads/2026/03/A4-double-sided-brochure-HAWK-back202410-1.pdf	A4 double-sided brochure-HAWK-back(202410)
7647	application/pdf	https://schmoll-asia.com/wp-content/uploads/2026/03/EN-BACKFRONT-HAWK.pdf	EN &#8211; BACKFRONT &#8211; HAWK
7654	application/pdf	https://schmoll-asia.com/wp-content/uploads/2026/03/A4-double-sided-brochure-FALCON-front-final-.pdf	A4 double-sided brochure-FALCON-front-(final)
7655	application/pdf	https://schmoll-asia.com/wp-content/uploads/2026/03/A4-double-sided-brochure-FALCON-back-v2-final-4.pdf	A4 double-sided brochure-FALCON-back-v2-(final)-4
7656	application/pdf	https://schmoll-asia.com/wp-content/uploads/2026/03/A4-double-sided-brochure-FALCON-back-v2-final-4-1.pdf	A4 double-sided brochure-FALCON-back-v2-(final)-4
7657	application/pdf	https://schmoll-asia.com/wp-content/uploads/2026/03/A4-double-sided-brochure-FALCON-front-final-1-1.pdf	A4 double-sided brochure-FALCON-front-(final)
7658	application/pdf	https://schmoll-asia.com/wp-content/uploads/2026/03/A4-double-sided-brochure-FALCON-front-final-1-2.pdf	A4 double-sided brochure-FALCON-front-(final)
7659	application/pdf	https://schmoll-asia.com/wp-content/uploads/2026/03/A4-double-sided-brochure-FALCON-back-v2-final-4-2.pdf	A4 double-sided brochure-FALCON-back-v2-(final)-4
7661	application/pdf	https://schmoll-asia.com/wp-content/uploads/2026/03/EN-BACKFRONT-FALCON.pdf	EN &#8211; BACKFRONT &#8211; FALCON
7669	application/pdf	https://schmoll-asia.com/wp-content/uploads/2026/03/A4-double-sided-brochure-XRA3-frontfinal-2.pdf	A4 double-sided brochure-XRA3-front(final)-2
7670	application/pdf	https://schmoll-asia.com/wp-content/uploads/2026/03/A4-double-sided-brochure-XRA3-backfinal-2.pdf	A4 double-sided brochure-XRA3-back(final)-2
7672	application/pdf	https://schmoll-asia.com/wp-content/uploads/2026/03/A4-double-sided-brochure-XRA3-frontfinal-2-1.pdf	A4 double-sided brochure-XRA3-front(final)-2
7674	application/pdf	https://schmoll-asia.com/wp-content/uploads/2026/03/A4-double-sided-brochure-XRA3-backfinal-2-1.pdf	A4 double-sided brochure-XRA3-back(final)-2
7678	application/pdf	https://schmoll-asia.com/wp-content/uploads/2026/03/EN-BACKFRONT-XRA3.pdf	EN &#8211; BACKFRONT &#8211; XRA3
7685	application/pdf	https://schmoll-asia.com/wp-content/uploads/2026/03/A4-double-sided-brochure-MDI-Beam-front-ENfinal-5.pdf	A4 double-sided brochure-MDI-Beam-front-EN(final)-5
7686	application/pdf	https://schmoll-asia.com/wp-content/uploads/2026/03/A4-double-sided-brochure-MDI-Beam-back-ENfinal-REVISED-2.pdf	A4 double-sided brochure-MDI-Beam-back-EN(final)-REVISED-2
7690	application/pdf	https://schmoll-asia.com/wp-content/uploads/2026/03/A4-double-sided-brochure-MDI-Beam-front-ENfinal-5-1.pdf	A4 double-sided brochure-MDI-Beam-front-EN(final)-5
7691	application/pdf	https://schmoll-asia.com/wp-content/uploads/2026/03/A4-double-sided-brochure-MDI-Beam-back-ENfinal-REVISED-2-1.pdf	A4 double-sided brochure-MDI-Beam-back-EN(final)-REVISED-2
7696	application/pdf	https://schmoll-asia.com/wp-content/uploads/2026/03/EN-BACKFRONT-MDI.pdf	EN &#8211; BACKFRONT &#8211; MDI
7706	application/pdf	https://schmoll-asia.com/wp-content/uploads/2026/03/A4-double-sided-brochure-CombiDrill-frontfinal-4.pdf	A4 double-sided brochure-CombiDrill-front(final)-4
7707	application/pdf	https://schmoll-asia.com/wp-content/uploads/2026/03/A4-double-sided-brochure-CombiDrill-backfinal-2.pdf	A4 double-sided brochure-CombiDrill-back(final)-2
7711	application/pdf	https://schmoll-asia.com/wp-content/uploads/2026/03/EN-BACKFRONT-CombiDrill-500.pdf	EN &#8211; BACKFRONT &#8211; CombiDrill 500
7715	application/pdf	https://schmoll-asia.com/wp-content/uploads/2026/03/A4-double-sided-brochure-CombiDrill-frontfinal-4-1.pdf	A4 double-sided brochure-CombiDrill-front(final)-4
7716	application/pdf	https://schmoll-asia.com/wp-content/uploads/2026/03/A4-double-sided-brochure-CombiDrill-backfinal-2-1.pdf	A4 double-sided brochure-CombiDrill-back(final)-2
7720	application/pdf	https://schmoll-asia.com/wp-content/uploads/2026/03/A4-double-sided-brochure-PROBE-CARD-frontfinal-3.pdf	A4 double-sided brochure-PROBE CARD-front(final)-3
7721	application/pdf	https://schmoll-asia.com/wp-content/uploads/2026/03/A4-double-sided-brochure-PROBE-CARD-backfinal-2.pdf	A4 double-sided brochure-PROBE CARD-back(final)-2
7723	application/pdf	https://schmoll-asia.com/wp-content/uploads/2026/03/EN-BACKFRONT-Fixture.pdf	EN &#8211; BACKFRONT &#8211; Fixture
7727	application/pdf	https://schmoll-asia.com/wp-content/uploads/2026/03/A4-double-sided-brochure-PROBE-CARD-frontfinal-3-1.pdf	A4 double-sided brochure-PROBE CARD-front(final)-3
7728	application/pdf	https://schmoll-asia.com/wp-content/uploads/2026/03/A4-double-sided-brochure-PROBE-CARD-backfinal-2-1.pdf	A4 double-sided brochure-PROBE CARD-back(final)-2
7732	application/pdf	https://schmoll-asia.com/wp-content/uploads/2026/03/A4-double-sided-brochure-DRILLROOM-AUTOMATION-frontfinal-3.pdf	A4 double-sided brochure-DRILLROOM AUTOMATION-front(final)-3
7733	application/pdf	https://schmoll-asia.com/wp-content/uploads/2026/03/A4-double-sided-brochure-DRILLROOM-AUTOMATION-backfinal-2.pdf	A4 double-sided brochure-DRILLROOM AUTOMATION-back(final)-2
7737	application/pdf	https://schmoll-asia.com/wp-content/uploads/2026/03/EN-BACKFRONT-ALS.pdf	EN &#8211; BACKFRONT &#8211; ALS
7741	application/pdf	https://schmoll-asia.com/wp-content/uploads/2026/03/EN-BACKFRONT-ALS-1.pdf	EN &#8211; BACKFRONT &#8211; ALS
7742	application/pdf	https://schmoll-asia.com/wp-content/uploads/2026/03/A4-double-sided-brochure-DRILLROOM-AUTOMATION-backfinal-2-1.pdf	A4 double-sided brochure-DRILLROOM AUTOMATION-back(final)-2
7747	application/pdf	https://schmoll-asia.com/wp-content/uploads/2026/03/A4-double-sided-brochure-EAGLE-XY-front-FINAL-2.pdf	A4 double-sided brochure-EAGLE XY-front-FINAL
7748	application/pdf	https://schmoll-asia.com/wp-content/uploads/2026/03/A4-double-sided-brochure-EAGLE-XY-backfinal-1-3.pdf	A4 double-sided brochure-EAGLE XY-back(final)
7753	application/pdf	https://schmoll-asia.com/wp-content/uploads/2026/03/A4-double-sided-brochure-HAWK-frontfinal-3-2.pdf	A4 double-sided brochure-HAWK-front(final)-3
7754	application/pdf	https://schmoll-asia.com/wp-content/uploads/2026/03/A4-double-sided-brochure-HAWK-back202410-2.pdf	A4 double-sided brochure-HAWK-back(202410)
7759	application/pdf	https://schmoll-asia.com/wp-content/uploads/2026/03/A4-double-sided-brochure-FALCON-front-final-1-3.pdf	A4 double-sided brochure-FALCON-front-(final)
7760	application/pdf	https://schmoll-asia.com/wp-content/uploads/2026/03/A4-double-sided-brochure-FALCON-back-v2-final-4-3.pdf	A4 double-sided brochure-FALCON-back-v2-(final)-4
7764	application/pdf	https://schmoll-asia.com/wp-content/uploads/2026/03/A4-double-sided-brochure-XRA3-frontfinal-2-2.pdf	A4 double-sided brochure-XRA3-front(final)-2
7765	application/pdf	https://schmoll-asia.com/wp-content/uploads/2026/03/A4-double-sided-brochure-XRA3-backfinal-2-2.pdf	A4 double-sided brochure-XRA3-back(final)-2
7769	application/pdf	https://schmoll-asia.com/wp-content/uploads/2026/03/A4-double-sided-brochure-MDI-Beam-front-ENfinal-5-2.pdf	A4 double-sided brochure-MDI-Beam-front-EN(final)-5
7770	application/pdf	https://schmoll-asia.com/wp-content/uploads/2026/03/A4-double-sided-brochure-MDI-Beam-back-ENfinal-REVISED-2-2.pdf	A4 double-sided brochure-MDI-Beam-back-EN(final)-REVISED-2
7775	application/pdf	https://schmoll-asia.com/wp-content/uploads/2026/03/A4-double-sided-brochure-CombiDrill-frontfinal-4-2.pdf	A4 double-sided brochure-CombiDrill-front(final)-4
7776	application/pdf	https://schmoll-asia.com/wp-content/uploads/2026/03/A4-double-sided-brochure-CombiDrill-backfinal-2-2.pdf	A4 double-sided brochure-CombiDrill-back(final)-2
7780	application/pdf	https://schmoll-asia.com/wp-content/uploads/2026/03/A4-double-sided-brochure-PROBE-CARD-frontfinal-3-2.pdf	A4 double-sided brochure-PROBE CARD-front(final)-3
7781	application/pdf	https://schmoll-asia.com/wp-content/uploads/2026/03/A4-double-sided-brochure-PROBE-CARD-backfinal-2-2.pdf	A4 double-sided brochure-PROBE CARD-back(final)-2
7785	application/pdf	https://schmoll-asia.com/wp-content/uploads/2026/03/A4-double-sided-brochure-DRILLROOM-AUTOMATION-frontfinal-3-1.pdf	A4 double-sided brochure-DRILLROOM AUTOMATION-front(final)-3
7786	application/pdf	https://schmoll-asia.com/wp-content/uploads/2026/03/A4-double-sided-brochure-DRILLROOM-AUTOMATION-backfinal-2-2.pdf	A4 double-sided brochure-DRILLROOM AUTOMATION-back(final)-2
7790	image/jpeg	https://schmoll-asia.com/wp-content/uploads/2026/03/Firefly_Gemini-Flash_make-the-logo-smaller-749817.jpg	Firefly_Gemini Flash_make the logo smaller 749817
7802	application/pdf	https://schmoll-asia.com/wp-content/uploads/2026/03/Chinese_A4-double-sided-brochure-Raptor-RXY-front-FINAL-20260309.pdf	Chinese_A4 double-sided brochure-Raptor RXY-front-FINAL-20260309
7804	application/pdf	https://schmoll-asia.com/wp-content/uploads/2026/03/Revised_A4-double-sided-brochure-Raptor-RXY-front-FINAL-20260309.pdf	Revised_A4 double-sided brochure-Raptor RXY-front-FINAL-20260309
7805	application/pdf	https://schmoll-asia.com/wp-content/uploads/2026/03/Revised_A4-double-sided-brochure-Raptor-RXY-back-FINAL-20260309.pdf	Revised_A4 double-sided brochure-Raptor RXY-back-FINAL-20260309
7810	application/pdf	https://schmoll-asia.com/wp-content/uploads/2026/03/Raptor_Brochure-.pdf	Raptor_Brochure
7811	application/pdf	https://schmoll-asia.com/wp-content/uploads/2026/03/Revised_A4-double-sided-brochure-Raptor-RXY-back-FINAL-20260309-1.pdf	Revised_A4 double-sided brochure-Raptor RXY-back-FINAL-20260309
7815	application/pdf	https://schmoll-asia.com/wp-content/uploads/2026/03/Raptor_Brochure-1-1.pdf	Raptor_Brochure
7828	image/jpeg	https://schmoll-asia.com/wp-content/uploads/2025/12/HKPCA-2025-1.jpeg	HKPCA 2025
7830	image/jpeg	https://schmoll-asia.com/wp-content/uploads/2025/12/Untitled-design-271.jpg	Untitled design-271
7837	image/jpeg	https://schmoll-asia.com/wp-content/uploads/2025/12/Untitled-design-272.jpg	Untitled design-272
7844	image/jpeg	https://schmoll-asia.com/wp-content/uploads/2025/12/Untitled-design-11.jpg	Untitled design-11
7851	image/jpeg	https://schmoll-asia.com/wp-content/uploads/2026/04/CPCA2026-March_Group-scaled.jpg	CPCA2026-March_Group
7856	image/webp	https://schmoll-asia.com/wp-content/uploads/2026/04/CPCA5.webp	CPCA5
7860	image/webp	https://schmoll-asia.com/wp-content/uploads/2026/04/CPCA3.webp	CPCA3
7861	image/webp	https://schmoll-asia.com/wp-content/uploads/2026/04/CPCA4.webp	CPCA4
7863	image/jpeg	https://schmoll-asia.com/wp-content/uploads/2026/04/Schmoll-baut-neue-Firmenzentrale-in-Roedermark-erste-Produktion-ab-Herbst-2026-geplant-scaled-1.jpg	Schmoll-baut-neue-Firmenzentrale-in-Roedermark-erste-Produktion-ab-Herbst-2026-geplant-scaled
7882	image/jpeg	https://schmoll-asia.com/wp-content/uploads/2026/04/Adjusted-map-32-e1776002198986.jpg	Adjusted map-32
7911	video/videopress	https://videos.files.wordpress.com/Q1GHA7sS/simpimav2026.mp4	simpimav2026-mp4
7915	image/jpeg	https://schmoll-asia.com/wp-content/uploads/2026/05/simpimav2026_mp4_std.original.jpg	simpimav2026_mp4_std.original
